<?xml version="1.0" encoding="UTF-8"?>
<export version="D">
  <design>
    <source>C:/Users/Cameron/Documents/GitHub/CL4P-TP-Shitty-Add-On/CL4p_TP.sch</source>
    <date>6/26/2018 8:42:51 PM</date>
    <tool>Eeschema 4.0.6</tool>
    <sheet number="1" name="/" tstamps="/">
      <title_block>
        <title>CL4P-TP</title>
        <company/>
        <rev>0.1</rev>
        <date>2018-05-28</date>
        <source>CL4p_TP.sch</source>
        <comment number="1" value=""/>
        <comment number="2" value=""/>
        <comment number="3" value=""/>
        <comment number="4" value=""/>
      </title_block>
    </sheet>
  </design>
  <components>
    <comp ref="U1">
      <value>MCP23017</value>
      <footprint>SMD_Packages:SOIC-28</footprint>
      <libsource lib="microchip" part="MCP23017"/>
      <sheetpath names="/" tstamps="/"/>
      <tstamp>5AFFA0F8</tstamp>
    </comp>
    <comp ref="D1">
      <value>LED</value>
      <footprint>LEDs:LED_1206_HandSoldering</footprint>
      <libsource lib="device" part="LED"/>
      <sheetpath names="/" tstamps="/"/>
      <tstamp>5AFFA16B</tstamp>
    </comp>
    <comp ref="D2">
      <value>LED</value>
      <footprint>LEDs:LED_1206_HandSoldering</footprint>
      <libsource lib="device" part="LED"/>
      <sheetpath names="/" tstamps="/"/>
      <tstamp>5AFFA1AD</tstamp>
    </comp>
    <comp ref="D3">
      <value>LED</value>
      <footprint>LEDs:LED_1206_HandSoldering</footprint>
      <libsource lib="device" part="LED"/>
      <sheetpath names="/" tstamps="/"/>
      <tstamp>5AFFA1E9</tstamp>
    </comp>
    <comp ref="D4">
      <value>LED</value>
      <footprint>LEDs:LED_1206_HandSoldering</footprint>
      <libsource lib="device" part="LED"/>
      <sheetpath names="/" tstamps="/"/>
      <tstamp>5AFFA230</tstamp>
    </comp>
    <comp ref="D5">
      <value>LED</value>
      <footprint>LEDs:LED_1206_HandSoldering</footprint>
      <libsource lib="device" part="LED"/>
      <sheetpath names="/" tstamps="/"/>
      <tstamp>5AFFA25E</tstamp>
    </comp>
    <comp ref="D6">
      <value>LED</value>
      <footprint>LEDs:LED_1206_HandSoldering</footprint>
      <libsource lib="device" part="LED"/>
      <sheetpath names="/" tstamps="/"/>
      <tstamp>5AFFA2A5</tstamp>
    </comp>
    <comp ref="D7">
      <value>LED</value>
      <footprint>LEDs:LED_1206_HandSoldering</footprint>
      <libsource lib="device" part="LED"/>
      <sheetpath names="/" tstamps="/"/>
      <tstamp>5AFFA2D5</tstamp>
    </comp>
    <comp ref="D8">
      <value>LED</value>
      <footprint>LEDs:LED_1206_HandSoldering</footprint>
      <libsource lib="device" part="LED"/>
      <sheetpath names="/" tstamps="/"/>
      <tstamp>5AFFA31C</tstamp>
    </comp>
    <comp ref="R1">
      <value>220</value>
      <footprint>Resistors_SMD:R_1206_HandSoldering</footprint>
      <libsource lib="device" part="R"/>
      <sheetpath names="/" tstamps="/"/>
      <tstamp>5AFFA605</tstamp>
    </comp>
    <comp ref="R2">
      <value>220</value>
      <footprint>Resistors_SMD:R_1206_HandSoldering</footprint>
      <libsource lib="device" part="R"/>
      <sheetpath names="/" tstamps="/"/>
      <tstamp>5AFFA793</tstamp>
    </comp>
    <comp ref="R3">
      <value>220</value>
      <footprint>Resistors_SMD:R_1206_HandSoldering</footprint>
      <libsource lib="device" part="R"/>
      <sheetpath names="/" tstamps="/"/>
      <tstamp>5AFFA7E3</tstamp>
    </comp>
    <comp ref="R4">
      <value>220</value>
      <footprint>Resistors_SMD:R_1206_HandSoldering</footprint>
      <libsource lib="device" part="R"/>
      <sheetpath names="/" tstamps="/"/>
      <tstamp>5AFFA844</tstamp>
    </comp>
    <comp ref="R5">
      <value>220</value>
      <footprint>Resistors_SMD:R_1206_HandSoldering</footprint>
      <libsource lib="device" part="R"/>
      <sheetpath names="/" tstamps="/"/>
      <tstamp>5AFFA89E</tstamp>
    </comp>
    <comp ref="R6">
      <value>220</value>
      <footprint>Resistors_SMD:R_1206_HandSoldering</footprint>
      <libsource lib="device" part="R"/>
      <sheetpath names="/" tstamps="/"/>
      <tstamp>5AFFA90E</tstamp>
    </comp>
    <comp ref="R7">
      <value>220</value>
      <footprint>Resistors_SMD:R_1206_HandSoldering</footprint>
      <libsource lib="device" part="R"/>
      <sheetpath names="/" tstamps="/"/>
      <tstamp>5AFFA986</tstamp>
    </comp>
    <comp ref="R8">
      <value>220</value>
      <footprint>Resistors_SMD:R_1206_HandSoldering</footprint>
      <libsource lib="device" part="R"/>
      <sheetpath names="/" tstamps="/"/>
      <tstamp>5AFFA9E1</tstamp>
    </comp>
    <comp ref="C1">
      <value>0.1uf</value>
      <footprint>Capacitors_SMD:C_0201_NoSilk</footprint>
      <libsource lib="device" part="C"/>
      <sheetpath names="/" tstamps="/"/>
      <tstamp>5B0C9ACD</tstamp>
    </comp>
    <comp ref="X1">
      <value>Badgelife_shitty_connector</value>
      <footprint>Shitty_AddOn:Badgelife-Shitty-2x2</footprint>
      <libsource lib="badgelife_shitty_connector" part="Badgelife_shitty_connector"/>
      <sheetpath names="/" tstamps="/"/>
      <tstamp>5B0E1521</tstamp>
    </comp>
    <comp ref="R9">
      <value>220</value>
      <footprint>Resistors_SMD:R_1206_HandSoldering</footprint>
      <libsource lib="device" part="R"/>
      <sheetpath names="/" tstamps="/"/>
      <tstamp>5AFFAA61</tstamp>
    </comp>
    <comp ref="D9">
      <value>LED</value>
      <footprint>LEDs:LED_1206_HandSoldering</footprint>
      <libsource lib="device" part="LED"/>
      <sheetpath names="/" tstamps="/"/>
      <tstamp>5AFFA356</tstamp>
    </comp>
  </components>
  <libparts>
    <libpart lib="badgelife_shitty_connector" part="Badgelife_shitty_connector">
      <fields>
        <field name="Reference">X</field>
        <field name="Value">Badgelife_shitty_connector</field>
      </fields>
      <pins>
        <pin num="1" name="VDD" type="input"/>
        <pin num="2" name="GND" type="input"/>
        <pin num="3" name="SCL" type="input"/>
        <pin num="4" name="SDA" type="input"/>
      </pins>
    </libpart>
    <libpart lib="device" part="C">
      <description>Unpolarized capacitor</description>
      <footprints>
        <fp>C_*</fp>
      </footprints>
      <fields>
        <field name="Reference">C</field>
        <field name="Value">C</field>
      </fields>
      <pins>
        <pin num="1" name="~" type="passive"/>
        <pin num="2" name="~" type="passive"/>
      </pins>
    </libpart>
    <libpart lib="device" part="LED">
      <description>LED generic</description>
      <footprints>
        <fp>LED*</fp>
      </footprints>
      <fields>
        <field name="Reference">D</field>
        <field name="Value">LED</field>
      </fields>
      <pins>
        <pin num="1" name="K" type="passive"/>
        <pin num="2" name="A" type="passive"/>
      </pins>
    </libpart>
    <libpart lib="microchip" part="MCP23017">
      <description>16-Bit I/O Expander with I²C Interface (PDIP/SOIC/SSOP)</description>
      <docs>http://ww1.microchip.com/downloads/en/DeviceDoc/20001952C.pdf</docs>
      <footprints>
        <fp>DIP-28_W7.62mm*</fp>
        <fp>SOIC-28</fp>
        <fp>SSOP-28</fp>
      </footprints>
      <fields>
        <field name="Reference">U</field>
        <field name="Value">MCP23017</field>
      </fields>
      <pins>
        <pin num="1" name="GPB0" type="BiDi"/>
        <pin num="2" name="GPB1" type="BiDi"/>
        <pin num="3" name="GPB2" type="BiDi"/>
        <pin num="4" name="GPB3" type="BiDi"/>
        <pin num="5" name="GPB4" type="BiDi"/>
        <pin num="6" name="GPB5" type="BiDi"/>
        <pin num="7" name="GPB6" type="BiDi"/>
        <pin num="8" name="GPB7" type="BiDi"/>
        <pin num="9" name="VCC" type="power_in"/>
        <pin num="10" name="GND" type="power_in"/>
        <pin num="12" name="SCL" type="input"/>
        <pin num="13" name="SDA" type="BiDi"/>
        <pin num="15" name="A0" type="input"/>
        <pin num="16" name="A1" type="input"/>
        <pin num="17" name="A2" type="input"/>
        <pin num="18" name="~RESET" type="input"/>
        <pin num="19" name="INTB" type="output"/>
        <pin num="20" name="INTA" type="output"/>
        <pin num="21" name="GPA0" type="BiDi"/>
        <pin num="22" name="GPA1" type="BiDi"/>
        <pin num="23" name="GPA2" type="BiDi"/>
        <pin num="24" name="GPA3" type="BiDi"/>
        <pin num="25" name="GPA4" type="BiDi"/>
        <pin num="26" name="GPA5" type="BiDi"/>
        <pin num="27" name="GPA6" type="BiDi"/>
        <pin num="28" name="GPA7" type="BiDi"/>
      </pins>
    </libpart>
    <libpart lib="device" part="R">
      <description>Resistor</description>
      <footprints>
        <fp>R_*</fp>
        <fp>R_*</fp>
      </footprints>
      <fields>
        <field name="Reference">R</field>
        <field name="Value">R</field>
      </fields>
      <pins>
        <pin num="1" name="~" type="passive"/>
        <pin num="2" name="~" type="passive"/>
      </pins>
    </libpart>
  </libparts>
  <libraries>
    <library logical="device">
      <uri>C:\Program Files\KiCad\share\kicad\library\device.lib</uri>
    </library>
    <library logical="microchip">
      <uri>C:\Program Files\KiCad\share\kicad\library\microchip.lib</uri>
    </library>
    <library logical="badgelife_shitty_connector">
      <uri>C:\Program Files\KiCad\share\kicad\library\badgelife_shitty_connector.lib</uri>
    </library>
  </libraries>
  <nets>
    <net code="1" name="Net-(R7-Pad1)">
      <node ref="R7" pin="1"/>
      <node ref="U1" pin="7"/>
    </net>
    <net code="2" name="Net-(R1-Pad1)">
      <node ref="U1" pin="1"/>
      <node ref="R1" pin="1"/>
    </net>
    <net code="3" name="Net-(D1-Pad2)">
      <node ref="D1" pin="2"/>
      <node ref="R1" pin="2"/>
    </net>
    <net code="4" name="Net-(R2-Pad1)">
      <node ref="U1" pin="2"/>
      <node ref="R2" pin="1"/>
    </net>
    <net code="5" name="Net-(D2-Pad2)">
      <node ref="D2" pin="2"/>
      <node ref="R2" pin="2"/>
    </net>
    <net code="6" name="Net-(R3-Pad1)">
      <node ref="U1" pin="3"/>
      <node ref="R3" pin="1"/>
    </net>
    <net code="7" name="Net-(R4-Pad1)">
      <node ref="U1" pin="4"/>
      <node ref="R4" pin="1"/>
    </net>
    <net code="8" name="Net-(R5-Pad1)">
      <node ref="U1" pin="5"/>
      <node ref="R5" pin="1"/>
    </net>
    <net code="9" name="Net-(R6-Pad1)">
      <node ref="U1" pin="6"/>
      <node ref="R6" pin="1"/>
    </net>
    <net code="10" name="Net-(U1-Pad22)">
      <node ref="U1" pin="22"/>
    </net>
    <net code="11" name="Net-(U1-Pad23)">
      <node ref="U1" pin="23"/>
    </net>
    <net code="12" name="Net-(U1-Pad24)">
      <node ref="U1" pin="24"/>
    </net>
    <net code="13" name="Net-(U1-Pad25)">
      <node ref="U1" pin="25"/>
    </net>
    <net code="14" name="Net-(U1-Pad26)">
      <node ref="U1" pin="26"/>
    </net>
    <net code="15" name="Net-(U1-Pad27)">
      <node ref="U1" pin="27"/>
    </net>
    <net code="16" name="Net-(U1-Pad28)">
      <node ref="U1" pin="28"/>
    </net>
    <net code="17" name="Net-(D7-Pad2)">
      <node ref="D7" pin="2"/>
      <node ref="R7" pin="2"/>
    </net>
    <net code="18" name="+3V3">
      <node ref="U1" pin="18"/>
      <node ref="U1" pin="9"/>
      <node ref="X1" pin="1"/>
      <node ref="R8" pin="2"/>
      <node ref="C1" pin="1"/>
    </net>
    <net code="19" name="scl">
      <node ref="X1" pin="3"/>
      <node ref="U1" pin="12"/>
    </net>
    <net code="20" name="sda">
      <node ref="X1" pin="4"/>
      <node ref="U1" pin="13"/>
    </net>
    <net code="21" name="Net-(D6-Pad2)">
      <node ref="D6" pin="2"/>
      <node ref="R6" pin="2"/>
    </net>
    <net code="22" name="Net-(D9-Pad2)">
      <node ref="R9" pin="2"/>
      <node ref="D9" pin="2"/>
    </net>
    <net code="23" name="GND">
      <node ref="X1" pin="2"/>
      <node ref="U1" pin="15"/>
      <node ref="C1" pin="2"/>
      <node ref="D7" pin="1"/>
      <node ref="D8" pin="1"/>
      <node ref="U1" pin="10"/>
      <node ref="U1" pin="17"/>
      <node ref="D9" pin="1"/>
      <node ref="U1" pin="16"/>
      <node ref="D1" pin="1"/>
      <node ref="D2" pin="1"/>
      <node ref="D3" pin="1"/>
      <node ref="D4" pin="1"/>
      <node ref="D5" pin="1"/>
      <node ref="D6" pin="1"/>
    </net>
    <net code="24" name="Net-(D8-Pad2)">
      <node ref="D8" pin="2"/>
      <node ref="R8" pin="1"/>
    </net>
    <net code="25" name="Net-(R9-Pad1)">
      <node ref="R9" pin="1"/>
      <node ref="U1" pin="8"/>
    </net>
    <net code="26" name="Net-(D5-Pad2)">
      <node ref="D5" pin="2"/>
      <node ref="R5" pin="2"/>
    </net>
    <net code="27" name="Net-(D4-Pad2)">
      <node ref="D4" pin="2"/>
      <node ref="R4" pin="2"/>
    </net>
    <net code="28" name="Net-(D3-Pad2)">
      <node ref="D3" pin="2"/>
      <node ref="R3" pin="2"/>
    </net>
    <net code="29" name="Net-(U1-Pad19)">
      <node ref="U1" pin="19"/>
    </net>
    <net code="30" name="Net-(U1-Pad20)">
      <node ref="U1" pin="20"/>
    </net>
    <net code="31" name="Net-(U1-Pad21)">
      <node ref="U1" pin="21"/>
    </net>
  </nets>
</export>
